"row","category","type2","scene","image_count","image_links"
3,"静物产品图","静物产品图-真实感素人图","居家",5,"https://internal-api-drive-stream.feishu.cn/space/api/box/stream/download/v2/cover/H2TXbpkqaobFX4xU1wNcFOdknhc/?height=1280&mount_node_token=OTUosGERbhyYF8tly7WcGKI8neQ&mount_point=sheet_image&policy=equal&width=1280;https://internal-api-drive-stream.feishu.cn/space/api/box/stream/download/v2/cover/FdxRb7qXBoC6knxMgJrcGaPdngb/?height=1280&mount_node_token=OTUosGERbhyYF8tly7WcGKI8neQ&mount_point=sheet_image&policy=equal&width=1280;https://internal-api-drive-stream.feishu.cn/space/api/box/stream/download/v2/cover/QZNdbt4LLoVYXRxArCvcgl81nUd/?height=1280&mount_node_token=OTUosGERbhyYF8tly7WcGKI8neQ&mount_point=sheet_image&policy=equal&width=1280;https://internal-api-drive-stream.feishu.cn/space/api/box/stream/download/v2/cover/HfAtbDQs7ok4z2xkJYIcsxohn3d/?height=1280&mount_node_token=OTUosGERbhyYF8tly7WcGKI8neQ&mount_point=sheet_image&policy=equal&width=1280;https://internal-api-drive-stream.feishu.cn/space/api/box/stream/download/v2/cover/NacSbW4dJoSeOxx8SWGcM3lznOb/?height=1280&mount_node_token=OTUosGERbhyYF8tly7WcGKI8neQ&mount_point=sheet_image&policy=equal&width=1280"
4,"静物产品图","静物产品图-精致感INS图","居家",4,"https://internal-api-drive-stream.feishu.cn/space/api/box/stream/download/v2/cover/P7NCbsAKso15JGxvbTtc52HDn2e/?height=1280&mount_node_token=OTUosGERbhyYF8tly7WcGKI8neQ&mount_point=sheet_image&policy=equal&width=1280;https://internal-api-drive-stream.feishu.cn/space/api/box/stream/download/v2/cover/ULPgbFG8OoEQvwxuZCwcMZhknqb/?height=1280&mount_node_token=OTUosGERbhyYF8tly7WcGKI8neQ&mount_point=sheet_image&policy=equal&width=1280;https://internal-api-drive-stream.feishu.cn/space/api/box/stream/download/v2/cover/XJFKbKNa5o5vJPx3aPEcBr6InOg/?height=1280&mount_node_token=OTUosGERbhyYF8tly7WcGKI8neQ&mount_point=sheet_image&policy=equal&width=1280;https://internal-api-drive-stream.feishu.cn/space/api/box/stream/download/v2/cover/B5GHbW0rFoJRqExQ07AcViTEnup/?height=1280&mount_node_token=OTUosGERbhyYF8tly7WcGKI8neQ&mount_point=sheet_image&policy=equal&width=1280"
5,"静物产品图","静物产品图-随手拍","居家",4,"https://internal-api-drive-stream.feishu.cn/space/api/box/stream/download/v2/cover/XVtzb4yPCo6tPJxJdbrc05vXneg/?height=1280&mount_node_token=OTUosGERbhyYF8tly7WcGKI8neQ&mount_point=sheet_image&policy=equal&width=1280;https://internal-api-drive-stream.feishu.cn/space/api/box/stream/download/v2/cover/Z5FhbfjlOozznsx1pOgcYB7Wnfh/?height=1280&mount_node_token=OTUosGERbhyYF8tly7WcGKI8neQ&mount_point=sheet_image&policy=equal&width=1280;https://internal-api-drive-stream.feishu.cn/space/api/box/stream/download/v2/cover/YXJKbnuCWonKmexkLeLcyb2Mnif/?height=1280&mount_node_token=OTUosGERbhyYF8tly7WcGKI8neQ&mount_point=sheet_image&policy=equal&width=1280;https://internal-api-drive-stream.feishu.cn/space/api/box/stream/download/v2/cover/XOfrbiVOMocS3sxqVsxcVzETnff/?height=1280&mount_node_token=OTUosGERbhyYF8tly7WcGKI8neQ&mount_point=sheet_image&policy=equal&width=1280"
6,"静物产品图","静物产品图-基础卖点组合图","居家",7,"https://internal-api-drive-stream.feishu.cn/space/api/box/stream/download/v2/cover/TtwMbvZLboRL8rxnU8VcV3j8nte/?height=1280&mount_node_token=OTUosGERbhyYF8tly7WcGKI8neQ&mount_point=sheet_image&policy=equal&width=1280;https://internal-api-drive-stream.feishu.cn/space/api/box/stream/download/v2/cover/Oegibwzvno8UqIxCfp5ctGuWnFL/?height=1280&mount_node_token=OTUosGERbhyYF8tly7WcGKI8neQ&mount_point=sheet_image&policy=equal&width=1280;https://internal-api-drive-stream.feishu.cn/space/api/box/stream/download/v2/cover/TIAybnnwhoNbXpxuB0VcNMQHnFd/?height=1280&mount_node_token=OTUosGERbhyYF8tly7WcGKI8neQ&mount_point=sheet_image&policy=equal&width=1280;https://internal-api-drive-stream.feishu.cn/space/api/box/stream/download/v2/cover/NITubpyVyoyQc5xVwytcSAUYnCb/?height=1280&mount_node_token=OTUosGERbhyYF8tly7WcGKI8neQ&mount_point=sheet_image&policy=equal&width=1280;https://internal-api-drive-stream.feishu.cn/space/api/box/stream/download/v2/cover/MmSAbGULaooQIxxeljHcCoRYnRe/?height=1280&mount_node_token=OTUosGERbhyYF8tly7WcGKI8neQ&mount_point=sheet_image&policy=equal&width=1280;https://internal-api-drive-stream.feishu.cn/space/api/box/stream/download/v2/cover/EppFb88VGoRW5Rx5iqecb3W3nPd/?height=1280&mount_node_token=OTUosGERbhyYF8tly7WcGKI8neQ&mount_point=sheet_image&policy=equal&width=1280;https://internal-api-drive-stream.feishu.cn/space/api/box/stream/download/v2/cover/K9d7bvs2RozFPFxLj57ccMH6nre/?height=1280&mount_node_token=OTUosGERbhyYF8tly7WcGKI8neQ&mount_point=sheet_image&policy=equal&width=1280"
7,"静物产品图","静物产品图-产品CP","居家",5,"https://internal-api-drive-stream.feishu.cn/space/api/box/stream/download/v2/cover/PIgMbelcZo32HuxPQqMcp7WSnWc/?height=1280&mount_node_token=OTUosGERbhyYF8tly7WcGKI8neQ&mount_point=sheet_image&policy=equal&width=1280;https://internal-api-drive-stream.feishu.cn/space/api/box/stream/download/v2/cover/LUbZbxqDlo3fkcxLJ4QciS46nZc/?height=1280&mount_node_token=OTUosGERbhyYF8tly7WcGKI8neQ&mount_point=sheet_image&policy=equal&width=1280;https://internal-api-drive-stream.feishu.cn/space/api/box/stream/download/v2/cover/GP4gbiUMmoDGMjxWpkacYWz2nKe/?height=1280&mount_node_token=OTUosGERbhyYF8tly7WcGKI8neQ&mount_point=sheet_image&policy=equal&width=1280;https://internal-api-drive-stream.feishu.cn/space/api/box/stream/download/v2/cover/GtTSbYy7po0LDSx0jcucecKun4g/?height=1280&mount_node_token=OTUosGERbhyYF8tly7WcGKI8neQ&mount_point=sheet_image&policy=equal&width=1280;https://internal-api-drive-stream.feishu.cn/space/api/box/stream/download/v2/cover/GCq2b2Udgotx5pxVuPHcCicRnCb/?height=1280&mount_node_token=OTUosGERbhyYF8tly7WcGKI8neQ&mount_point=sheet_image&policy=equal&width=1280"
8,"静物产品图","多静物产品图-真实感素人图","线下商超",5,"https://internal-api-drive-stream.feishu.cn/space/api/box/stream/download/v2/cover/I7clboReCorLWOxKZtfcCUP8nXd/?height=1280&mount_node_token=OTUosGERbhyYF8tly7WcGKI8neQ&mount_point=sheet_image&policy=equal&width=1280;https://internal-api-drive-stream.feishu.cn/space/api/box/stream/download/v2/cover/AYhpbSbKzoGUyGxLXJ6cLDHGnvd/?height=1280&mount_node_token=OTUosGERbhyYF8tly7WcGKI8neQ&mount_point=sheet_image&policy=equal&width=1280;https://internal-api-drive-stream.feishu.cn/space/api/box/stream/download/v2/cover/I53qbDxnVoo7WLxGetvcfNH6nEG/?height=1280&mount_node_token=OTUosGERbhyYF8tly7WcGKI8neQ&mount_point=sheet_image&policy=equal&width=1280;https://internal-api-drive-stream.feishu.cn/space/api/box/stream/download/v2/cover/Tb8AbxbFyozBa9xFVBecKDK8nnb/?height=1280&mount_node_token=OTUosGERbhyYF8tly7WcGKI8neQ&mount_point=sheet_image&policy=equal&width=1280;https://internal-api-drive-stream.feishu.cn/space/api/box/stream/download/v2/cover/WGTnb8maWo6mhLx60eIc6vvlnAb/?height=1280&mount_node_token=OTUosGERbhyYF8tly7WcGKI8neQ&mount_point=sheet_image&policy=equal&width=1280"
9,"静物产品图","多静物产品组合图-多品并列图","居家",3,"https://internal-api-drive-stream.feishu.cn/space/api/box/stream/download/v2/cover/OVH7bdVaGolLLoxFTmbcOTuUnqg/?height=1280&mount_node_token=OTUosGERbhyYF8tly7WcGKI8neQ&mount_point=sheet_image&policy=equal&width=1280;https://internal-api-drive-stream.feishu.cn/space/api/box/stream/download/v2/cover/CJEab4VQDo1HxUxWr3hchCvKnhe/?height=1280&mount_node_token=OTUosGERbhyYF8tly7WcGKI8neQ&mount_point=sheet_image&policy=equal&width=1280;https://internal-api-drive-stream.feishu.cn/space/api/box/stream/download/v2/cover/BiM9biYV5oxEOlxitFOct1THnnb/?height=1280&mount_node_token=OTUosGERbhyYF8tly7WcGKI8neQ&mount_point=sheet_image&policy=equal&width=1280"
10,"静物产品图","多静物产品组合图-多品平铺图","居家",3,"https://internal-api-drive-stream.feishu.cn/space/api/box/stream/download/v2/cover/WgOxbiAyyoW3g5x0YV2c2hyPnac/?height=1280&mount_node_token=OTUosGERbhyYF8tly7WcGKI8neQ&mount_point=sheet_image&policy=equal&width=1280;https://internal-api-drive-stream.feishu.cn/space/api/box/stream/download/v2/cover/IKlubbZSfoBKRbxpisvcj2AhnBg/?height=1280&mount_node_token=OTUosGERbhyYF8tly7WcGKI8neQ&mount_point=sheet_image&policy=equal&width=1280;https://internal-api-drive-stream.feishu.cn/space/api/box/stream/download/v2/cover/OMG3bXzc8oU8JqxJCxEcZBJOnSb/?height=1280&mount_node_token=OTUosGERbhyYF8tly7WcGKI8neQ&mount_point=sheet_image&policy=equal&width=1280"
11,"手持产品图","手持产品图-真实感素人图","居家",10,"https://internal-api-drive-stream.feishu.cn/space/api/box/stream/download/v2/cover/O6DXb7l20oGKvdxGXKKcy5EpnUd/?height=1280&mount_node_token=OTUosGERbhyYF8tly7WcGKI8neQ&mount_point=sheet_image&policy=equal&width=1280;https://internal-api-drive-stream.feishu.cn/space/api/box/stream/download/v2/cover/PCNAbUETQoLoJkxKGTPcO6ObnZf/?height=1280&mount_node_token=OTUosGERbhyYF8tly7WcGKI8neQ&mount_point=sheet_image&policy=equal&width=1280;https://internal-api-drive-stream.feishu.cn/space/api/box/stream/download/v2/cover/Cln7bHN91oCFrCxoDYZcsDvzn6d/?height=1280&mount_node_token=OTUosGERbhyYF8tly7WcGKI8neQ&mount_point=sheet_image&policy=equal&width=1280;https://internal-api-drive-stream.feishu.cn/space/api/box/stream/download/v2/cover/KIEpbeH2Ootd1kxxsELcUigDnXe/?height=1280&mount_node_token=OTUosGERbhyYF8tly7WcGKI8neQ&mount_point=sheet_image&policy=equal&width=1280;https://internal-api-drive-stream.feishu.cn/space/api/box/stream/download/v2/cover/ENVVbCJ4moy6cXxfXBCc9BKPn7d/?height=1280&mount_node_token=OTUosGERbhyYF8tly7WcGKI8neQ&mount_point=sheet_image&policy=equal&width=1280;https://internal-api-drive-stream.feishu.cn/space/api/box/stream/download/v2/cover/PnKsbSp6Qo15HaxFe7ociXtAnud/?height=1280&mount_node_token=OTUosGERbhyYF8tly7WcGKI8neQ&mount_point=sheet_image&policy=equal&width=1280;https://internal-api-drive-stream.feishu.cn/space/api/box/stream/download/v2/cover/DDstbSoHOoBXopx7s5PcLTsvnYc/?height=1280&mount_node_token=OTUosGERbhyYF8tly7WcGKI8neQ&mount_point=sheet_image&policy=equal&width=1280;https://internal-api-drive-stream.feishu.cn/space/api/box/stream/download/v2/cover/IjHYbHp4roGHW6xINczc3pKenxh/?height=1280&mount_node_token=OTUosGERbhyYF8tly7WcGKI8neQ&mount_point=sheet_image&policy=equal&width=1280;https://internal-api-drive-stream.feishu.cn/space/api/box/stream/download/v2/cover/Uwk5bjaQDo4EhSxFkvncfm2DnWf/?height=1280&mount_node_token=OTUosGERbhyYF8tly7WcGKI8neQ&mount_point=sheet_image&policy=equal&width=1280;https://internal-api-drive-stream.feishu.cn/space/api/box/stream/download/v2/cover/ASOEb8YwGoV8jWxYIpEcnwG8nHf/?height=1280&mount_node_token=OTUosGERbhyYF8tly7WcGKI8neQ&mount_point=sheet_image&policy=equal&width=1280"
12,"手持产品图","手持产品图-精致感INS图","居家",7,"https://internal-api-drive-stream.feishu.cn/space/api/box/stream/download/v2/cover/RotLbj0Ppoyt0WxznDfckXApnBb/?height=1280&mount_node_token=OTUosGERbhyYF8tly7WcGKI8neQ&mount_point=sheet_image&policy=equal&width=1280;https://internal-api-drive-stream.feishu.cn/space/api/box/stream/download/v2/cover/FRivbQAMwocRxQxROp1cgDrAnph/?height=1280&mount_node_token=OTUosGERbhyYF8tly7WcGKI8neQ&mount_point=sheet_image&policy=equal&width=1280;https://internal-api-drive-stream.feishu.cn/space/api/box/stream/download/v2/cover/GYvHbpB9QoL44bx3eIeca69Hnub/?height=1280&mount_node_token=OTUosGERbhyYF8tly7WcGKI8neQ&mount_point=sheet_image&policy=equal&width=1280;https://internal-api-drive-stream.feishu.cn/space/api/box/stream/download/v2/cover/Ec0obyTdzogC6Sx9RFBcwCRAnAm/?height=1280&mount_node_token=OTUosGERbhyYF8tly7WcGKI8neQ&mount_point=sheet_image&policy=equal&width=1280;https://internal-api-drive-stream.feishu.cn/space/api/box/stream/download/v2/cover/GXpHb2mD1obNSSxPWuScv8Ccnmh/?height=1280&mount_node_token=OTUosGERbhyYF8tly7WcGKI8neQ&mount_point=sheet_image&policy=equal&width=1280;https://internal-api-drive-stream.feishu.cn/space/api/box/stream/download/v2/cover/IzQHbyMrwo4QQvxon4NcfTTrnFc/?height=1280&mount_node_token=OTUosGERbhyYF8tly7WcGKI8neQ&mount_point=sheet_image&policy=equal&width=1280;https://internal-api-drive-stream.feishu.cn/space/api/box/stream/download/v2/cover/FKPQbsxkio4ZFYxGHORcY0h1ncf/?height=1280&mount_node_token=OTUosGERbhyYF8tly7WcGKI8neQ&mount_point=sheet_image&policy=equal&width=1280"
13,"手持产品图","手持产品图-产品CP","居家",2,"https://internal-api-drive-stream.feishu.cn/space/api/box/stream/download/v2/cover/IYEsbK32ToTqGqx0jA1cvASrngc/?height=1280&mount_node_token=OTUosGERbhyYF8tly7WcGKI8neQ&mount_point=sheet_image&policy=equal&width=1280;https://internal-api-drive-stream.feishu.cn/space/api/box/stream/download/v2/cover/YqDnbpHJToQTdEx1qFncsyvcnSc/?height=1280&mount_node_token=OTUosGERbhyYF8tly7WcGKI8neQ&mount_point=sheet_image&policy=equal&width=1280"
14,"产品形态图","产品形态图-粉状","居家",7,"https://internal-api-drive-stream.feishu.cn/space/api/box/stream/download/v2/cover/SF2ubUJPMoBDRaxlaDGcz0minMQ/?height=1280&mount_node_token=OTUosGERbhyYF8tly7WcGKI8neQ&mount_point=sheet_image&policy=equal&width=1280;https://internal-api-drive-stream.feishu.cn/space/api/box/stream/download/v2/cover/Vvk5bHY48o4vS9xHDxEcEjcknYc/?height=1280&mount_node_token=OTUosGERbhyYF8tly7WcGKI8neQ&mount_point=sheet_image&policy=equal&width=1280;https://internal-api-drive-stream.feishu.cn/space/api/box/stream/download/v2/cover/Z38kbKRxro3N6gxO0Xtc7PSBnsh/?height=1280&mount_node_token=OTUosGERbhyYF8tly7WcGKI8neQ&mount_point=sheet_image&policy=equal&width=1280;https://internal-api-drive-stream.feishu.cn/space/api/box/stream/download/v2/cover/HxABb08Tvo54tAx56hhc39BXnVc/?height=1280&mount_node_token=OTUosGERbhyYF8tly7WcGKI8neQ&mount_point=sheet_image&policy=equal&width=1280;https://internal-api-drive-stream.feishu.cn/space/api/box/stream/download/v2/cover/UC8YbEQiZoNpOHxZF96cWdApnLe/?height=1280&mount_node_token=OTUosGERbhyYF8tly7WcGKI8neQ&mount_point=sheet_image&policy=equal&width=1280;https://internal-api-drive-stream.feishu.cn/space/api/box/stream/download/v2/cover/GrYXbzpLkoo9wTxBScacI99BnBg/?height=1280&mount_node_token=OTUosGERbhyYF8tly7WcGKI8neQ&mount_point=sheet_image&policy=equal&width=1280;https://internal-api-drive-stream.feishu.cn/space/api/box/stream/download/v2/cover/HIjsbBo2AoQzEHxVUCZcAsRRnJg/?height=1280&mount_node_token=OTUosGERbhyYF8tly7WcGKI8neQ&mount_point=sheet_image&policy=equal&width=1280"
15,"产品形态图","产品形态图-液态","居家",4,"https://internal-api-drive-stream.feishu.cn/space/api/box/stream/download/v2/cover/WSUFbaYL3oobPDxvbEqcUG5Znod/?height=1280&mount_node_token=OTUosGERbhyYF8tly7WcGKI8neQ&mount_point=sheet_image&policy=equal&width=1280;https://internal-api-drive-stream.feishu.cn/space/api/box/stream/download/v2/cover/ErrCby2WRo4602xm1VdcIeG7nPE/?height=1280&mount_node_token=OTUosGERbhyYF8tly7WcGKI8neQ&mount_point=sheet_image&policy=equal&width=1280;https://internal-api-drive-stream.feishu.cn/space/api/box/stream/download/v2/cover/YYmbbkfYcoRRadxlpqGcY18dnrh/?height=1280&mount_node_token=OTUosGERbhyYF8tly7WcGKI8neQ&mount_point=sheet_image&policy=equal&width=1280;https://internal-api-drive-stream.feishu.cn/space/api/box/stream/download/v2/cover/KZYYbSuZDoDwUWxFxGAcb0Jknug/?height=1280&mount_node_token=OTUosGERbhyYF8tly7WcGKI8neQ&mount_point=sheet_image&policy=equal&width=1280"
16,"产品囤货图","产品囤货图-单品","居家",10,"https://internal-api-drive-stream.feishu.cn/space/api/box/stream/download/v2/cover/HkLtboYWHohivzxP0TOc3QTmnJb/?height=1280&mount_node_token=OTUosGERbhyYF8tly7WcGKI8neQ&mount_point=sheet_image&policy=equal&width=1280;https://internal-api-drive-stream.feishu.cn/space/api/box/stream/download/v2/cover/UB2CbyP7qoBL94xxi8McplTznid/?height=1280&mount_node_token=OTUosGERbhyYF8tly7WcGKI8neQ&mount_point=sheet_image&policy=equal&width=1280;https://internal-api-drive-stream.feishu.cn/space/api/box/stream/download/v2/cover/P5SEbXzrdoptUTxw5wycnmvDnZd/?height=1280&mount_node_token=OTUosGERbhyYF8tly7WcGKI8neQ&mount_point=sheet_image&policy=equal&width=1280;https://internal-api-drive-stream.feishu.cn/space/api/box/stream/download/v2/cover/JjkrbyBGoozBpKxZvibc14lnnzb/?height=1280&mount_node_token=OTUosGERbhyYF8tly7WcGKI8neQ&mount_point=sheet_image&policy=equal&width=1280;https://internal-api-drive-stream.feishu.cn/space/api/box/stream/download/v2/cover/DfiWbjlssoN0QmxXZs8cx9L2nkd/?height=1280&mount_node_token=OTUosGERbhyYF8tly7WcGKI8neQ&mount_point=sheet_image&policy=equal&width=1280;https://internal-api-drive-stream.feishu.cn/space/api/box/stream/download/v2/cover/UyJ7b8zE5oKa20xa564c7n25npb/?height=1280&mount_node_token=OTUosGERbhyYF8tly7WcGKI8neQ&mount_point=sheet_image&policy=equal&width=1280;https://internal-api-drive-stream.feishu.cn/space/api/box/stream/download/v2/cover/FV7Dbu4neohXiaxrfCrc3UHtnkV/?height=1280&mount_node_token=OTUosGERbhyYF8tly7WcGKI8neQ&mount_point=sheet_image&policy=equal&width=1280;https://internal-api-drive-stream.feishu.cn/space/api/box/stream/download/v2/cover/LCUwbXPiaornbhxZWa4c4Qfznne/?height=1280&mount_node_token=OTUosGERbhyYF8tly7WcGKI8neQ&mount_point=sheet_image&policy=equal&width=1280;https://internal-api-drive-stream.feishu.cn/space/api/box/stream/download/v2/cover/VAbxbRXM4oeqidxSJZTcmMV2nkd/?height=1280&mount_node_token=OTUosGERbhyYF8tly7WcGKI8neQ&mount_point=sheet_image&policy=equal&width=1280;https://internal-api-drive-stream.feishu.cn/space/api/box/stream/download/v2/cover/DRcJb1aUJolROIxOpnMc0cNEnPc/?height=1280&mount_node_token=OTUosGERbhyYF8tly7WcGKI8neQ&mount_point=sheet_image&policy=equal&width=1280"
17,"产品囤货图","产品囤货图-多品","居家",1,"https://internal-api-drive-stream.feishu.cn/space/api/box/stream/download/v2/cover/Nytrbw4Opomuz3xTKAacgXXxnbe/?height=1280&mount_node_token=OTUosGERbhyYF8tly7WcGKI8neQ&mount_point=sheet_image&policy=equal&width=1280"
18,"人物图","人物图-宝宝","居家",4,"https://internal-api-drive-stream.feishu.cn/space/api/box/stream/download/v2/cover/Y6bIbdYiwoELL9xNk8JcVDTdndg/?height=1280&mount_node_token=OTUosGERbhyYF8tly7WcGKI8neQ&mount_point=sheet_image&policy=equal&width=1280;https://internal-api-drive-stream.feishu.cn/space/api/box/stream/download/v2/cover/TKd2bpVECoXy6GxO6xTcwVDvnPb/?height=1280&mount_node_token=OTUosGERbhyYF8tly7WcGKI8neQ&mount_point=sheet_image&policy=equal&width=1280;https://internal-api-drive-stream.feishu.cn/space/api/box/stream/download/v2/cover/SJw2b5KBuo5YKLxMYTbcFP70nth/?height=1280&mount_node_token=OTUosGERbhyYF8tly7WcGKI8neQ&mount_point=sheet_image&policy=equal&width=1280;https://internal-api-drive-stream.feishu.cn/space/api/box/stream/download/v2/cover/VZyDbVvNCoKOScxetIacsim3nzb/?height=1280&mount_node_token=OTUosGERbhyYF8tly7WcGKI8neQ&mount_point=sheet_image&policy=equal&width=1280"
19,"人物图","人物图-母子CP","居家",4,"https://internal-api-drive-stream.feishu.cn/space/api/box/stream/download/v2/cover/YGfTbJ73Gop34exnr85c2KaVnHM/?height=1280&mount_node_token=OTUosGERbhyYF8tly7WcGKI8neQ&mount_point=sheet_image&policy=equal&width=1280;https://internal-api-drive-stream.feishu.cn/space/api/box/stream/download/v2/cover/En1ebgnn9o3rp7xOfC3cNuqWnTf/?height=1280&mount_node_token=OTUosGERbhyYF8tly7WcGKI8neQ&mount_point=sheet_image&policy=equal&width=1280;https://internal-api-drive-stream.feishu.cn/space/api/box/stream/download/v2/cover/GTRvbH0jXoCz1WxxUyQccdDQnT0/?height=1280&mount_node_token=OTUosGERbhyYF8tly7WcGKI8neQ&mount_point=sheet_image&policy=equal&width=1280;https://internal-api-drive-stream.feishu.cn/space/api/box/stream/download/v2/cover/NMDvbrvGSok2qNxuQAic1AO0nPc/?height=1280&mount_node_token=OTUosGERbhyYF8tly7WcGKI8neQ&mount_point=sheet_image&policy=equal&width=1280"
20,"产品及人物图","单品及人物图-宝宝","居家",17,"https://internal-api-drive-stream.feishu.cn/space/api/box/stream/download/v2/cover/WsgDbZHIroPabQxWIO4cvPxVn8f/?height=1280&mount_node_token=OTUosGERbhyYF8tly7WcGKI8neQ&mount_point=sheet_image&policy=equal&width=1280;https://internal-api-drive-stream.feishu.cn/space/api/box/stream/download/v2/cover/IGFdbB8JroAVhaxKN1bccgW4nhh/?height=1280&mount_node_token=OTUosGERbhyYF8tly7WcGKI8neQ&mount_point=sheet_image&policy=equal&width=1280;https://internal-api-drive-stream.feishu.cn/space/api/box/stream/download/v2/cover/UjBpbKoapoYnz8xKbSccYuLLnNg/?height=1280&mount_node_token=OTUosGERbhyYF8tly7WcGKI8neQ&mount_point=sheet_image&policy=equal&width=1280;https://internal-api-drive-stream.feishu.cn/space/api/box/stream/download/v2/cover/Xeu8bXnQfoGD8Ex4whQcbvC2n3f/?height=1280&mount_node_token=OTUosGERbhyYF8tly7WcGKI8neQ&mount_point=sheet_image&policy=equal&width=1280;https://internal-api-drive-stream.feishu.cn/space/api/box/stream/download/v2/cover/RPogbCvOoohMerxhfKncVOTJn4f/?height=1280&mount_node_token=OTUosGERbhyYF8tly7WcGKI8neQ&mount_point=sheet_image&policy=equal&width=1280;https://internal-api-drive-stream.feishu.cn/space/api/box/stream/download/v2/cover/WOqDborLjo7tZhxuVnlccO9jnCe/?height=1280&mount_node_token=OTUosGERbhyYF8tly7WcGKI8neQ&mount_point=sheet_image&policy=equal&width=1280;https://internal-api-drive-stream.feishu.cn/space/api/box/stream/download/v2/cover/Ph0obrwVtoclQzxT0DQcat8nnFe/?height=1280&mount_node_token=OTUosGERbhyYF8tly7WcGKI8neQ&mount_point=sheet_image&policy=equal&width=1280;https://internal-api-drive-stream.feishu.cn/space/api/box/stream/download/v2/cover/L6tGbpflBoqr5Nxemtsc8DbIn6l/?height=1280&mount_node_token=OTUosGERbhyYF8tly7WcGKI8neQ&mount_point=sheet_image&policy=equal&width=1280;https://internal-api-drive-stream.feishu.cn/space/api/box/stream/download/v2/cover/AHMEbVxdYoNbeoxdoFecaIkrnGg/?height=1280&mount_node_token=OTUosGERbhyYF8tly7WcGKI8neQ&mount_point=sheet_image&policy=equal&width=1280;https://internal-api-drive-stream.feishu.cn/space/api/box/stream/download/v2/cover/SVUnb4MMKou0oUx2JV8cXj9DnQg/?height=1280&mount_node_token=OTUosGERbhyYF8tly7WcGKI8neQ&mount_point=sheet_image&policy=equal&width=1280;https://internal-api-drive-stream.feishu.cn/space/api/box/stream/download/v2/cover/QAqdbABRXolQRyxgqaTcL7Junsc/?height=1280&mount_node_token=OTUosGERbhyYF8tly7WcGKI8neQ&mount_point=sheet_image&policy=equal&width=1280;https://internal-api-drive-stream.feishu.cn/space/api/box/stream/download/v2/cover/E9Azb2teTozgSCx3v7fcjwIhnPf/?height=1280&mount_node_token=OTUosGERbhyYF8tly7WcGKI8neQ&mount_point=sheet_image&policy=equal&width=1280;https://internal-api-drive-stream.feishu.cn/space/api/box/stream/download/v2/cover/DNkPbF6U9ovCK3x19z5ctHdanGf/?height=1280&mount_node_token=OTUosGERbhyYF8tly7WcGKI8neQ&mount_point=sheet_image&policy=equal&width=1280;https://internal-api-drive-stream.feishu.cn/space/api/box/stream/download/v2/cover/RXaTbmXk0oUuHIxgXMTcrRNHncf/?height=1280&mount_node_token=OTUosGERbhyYF8tly7WcGKI8neQ&mount_point=sheet_image&policy=equal&width=1280;https://internal-api-drive-stream.feishu.cn/space/api/box/stream/download/v2/cover/CSGCbxguyoDCJHxmJJUcAKhYnZb/?height=1280&mount_node_token=OTUosGERbhyYF8tly7WcGKI8neQ&mount_point=sheet_image&policy=equal&width=1280;https://internal-api-drive-stream.feishu.cn/space/api/box/stream/download/v2/cover/ExXqbGeB9oqHXNxgE66c2rxonVb/?height=1280&mount_node_token=OTUosGERbhyYF8tly7WcGKI8neQ&mount_point=sheet_image&policy=equal&width=1280;https://internal-api-drive-stream.feishu.cn/space/api/box/stream/download/v2/cover/FPzBbbkTvoazhzxQBC4cg1mRnRh/?height=1280&mount_node_token=OTUosGERbhyYF8tly7WcGKI8neQ&mount_point=sheet_image&policy=equal&width=1280"
21,"产品及人物图","单品及人物图-母子CP","居家",4,"https://internal-api-drive-stream.feishu.cn/space/api/box/stream/download/v2/cover/Jvl3bSGNnovT12xzIkAcVCx4nKr/?height=1280&mount_node_token=OTUosGERbhyYF8tly7WcGKI8neQ&mount_point=sheet_image&policy=equal&width=1280;https://internal-api-drive-stream.feishu.cn/space/api/box/stream/download/v2/cover/Lz2UbMehloyXKUxiI3AcUjqcnNb/?height=1280&mount_node_token=OTUosGERbhyYF8tly7WcGKI8neQ&mount_point=sheet_image&policy=equal&width=1280;https://internal-api-drive-stream.feishu.cn/space/api/box/stream/download/v2/cover/LWF7bGMiXoHxnbxz6wPcvbypnbh/?height=1280&mount_node_token=OTUosGERbhyYF8tly7WcGKI8neQ&mount_point=sheet_image&policy=equal&width=1280;https://internal-api-drive-stream.feishu.cn/space/api/box/stream/download/v2/cover/O86Ibj0zaonqJCxNYEocSbHJnXb/?height=1280&mount_node_token=OTUosGERbhyYF8tly7WcGKI8neQ&mount_point=sheet_image&policy=equal&width=1280"
22,"产品及人物图","单品囤货及人物图-宝宝","居家",3,"https://internal-api-drive-stream.feishu.cn/space/api/box/stream/download/v2/cover/AjMSbdwW4ozUK8xLjGScAo0hn4d/?height=1280&mount_node_token=OTUosGERbhyYF8tly7WcGKI8neQ&mount_point=sheet_image&policy=equal&width=1280;https://internal-api-drive-stream.feishu.cn/space/api/box/stream/download/v2/cover/QNOMbOhGgobPl1xOVTOckasUnlf/?height=1280&mount_node_token=OTUosGERbhyYF8tly7WcGKI8neQ&mount_point=sheet_image&policy=equal&width=1280;https://internal-api-drive-stream.feishu.cn/space/api/box/stream/download/v2/cover/Qzg0bT9poohMbVxKWpYcCqtunyc/?height=1280&mount_node_token=OTUosGERbhyYF8tly7WcGKI8neQ&mount_point=sheet_image&policy=equal&width=1280"
23,"大字报图","大字报图-文字排版","/",4,"https://internal-api-drive-stream.feishu.cn/space/api/box/stream/download/v2/cover/SBWKbxiZnoGa0MxX0hTcgaQEnie/?height=1280&mount_node_token=OTUosGERbhyYF8tly7WcGKI8neQ&mount_point=sheet_image&policy=equal&width=1280;https://internal-api-drive-stream.feishu.cn/space/api/box/stream/download/v2/cover/WWVibVUXSoFHkpxqmskcSf94n6c/?height=1280&mount_node_token=OTUosGERbhyYF8tly7WcGKI8neQ&mount_point=sheet_image&policy=equal&width=1280;https://internal-api-drive-stream.feishu.cn/space/api/box/stream/download/v2/cover/LXOubWSIro69dOxOP8Scu5wOn7c/?height=1280&mount_node_token=OTUosGERbhyYF8tly7WcGKI8neQ&mount_point=sheet_image&policy=equal&width=1280;https://internal-api-drive-stream.feishu.cn/space/api/box/stream/download/v2/cover/GQ5HbB8Jjou8p0xOvcIca7NZnce/?height=1280&mount_node_token=OTUosGERbhyYF8tly7WcGKI8neQ&mount_point=sheet_image&policy=equal&width=1280"
24,"大字报图","大字报图-产品拼图","/",6,"https://internal-api-drive-stream.feishu.cn/space/api/box/stream/download/v2/cover/ZQ5Pb49idoHeTlxZVOGcxctOnWg/?height=1280&mount_node_token=OTUosGERbhyYF8tly7WcGKI8neQ&mount_point=sheet_image&policy=equal&width=1280;https://internal-api-drive-stream.feishu.cn/space/api/box/stream/download/v2/cover/IN9rbhagmoNpL4xoJ22cYlr4n4f/?height=1280&mount_node_token=OTUosGERbhyYF8tly7WcGKI8neQ&mount_point=sheet_image&policy=equal&width=1280;https://internal-api-drive-stream.feishu.cn/space/api/box/stream/download/v2/cover/UPAabgqbwoBbKmx4ZCOcSTycnlb/?height=1280&mount_node_token=OTUosGERbhyYF8tly7WcGKI8neQ&mount_point=sheet_image&policy=equal&width=1280;https://internal-api-drive-stream.feishu.cn/space/api/box/stream/download/v2/cover/UXt8b7nhuoGRnXx42l0cgEtrnub/?height=1280&mount_node_token=OTUosGERbhyYF8tly7WcGKI8neQ&mount_point=sheet_image&policy=equal&width=1280;https://internal-api-drive-stream.feishu.cn/space/api/box/stream/download/v2/cover/U84fbJwOHo25r4xpjbkc86qhnwf/?height=1280&mount_node_token=OTUosGERbhyYF8tly7WcGKI8neQ&mount_point=sheet_image&policy=equal&width=1280;https://internal-api-drive-stream.feishu.cn/space/api/box/stream/download/v2/cover/D7bJbEeRDoajtAxM0zCcwiHznyc/?height=1280&mount_node_token=OTUosGERbhyYF8tly7WcGKI8neQ&mount_point=sheet_image&policy=equal&width=1280"
25,"截图背景拼图","截图背景拼图-人物组合","科普论文截图",9,"https://internal-api-drive-stream.feishu.cn/space/api/box/stream/download/v2/cover/XVEfbDbZFoWQidxE5YEcX666nOf/?height=1280&mount_node_token=OTUosGERbhyYF8tly7WcGKI8neQ&mount_point=sheet_image&policy=equal&width=1280;https://internal-api-drive-stream.feishu.cn/space/api/box/stream/download/v2/cover/SqFMb6vm5oHJ2kxclPbcgkxFnnf/?height=1280&mount_node_token=OTUosGERbhyYF8tly7WcGKI8neQ&mount_point=sheet_image&policy=equal&width=1280;https://internal-api-drive-stream.feishu.cn/space/api/box/stream/download/v2/cover/JCJUb6BcwoFl7xxL4gvcxaC2nOf/?height=1280&mount_node_token=OTUosGERbhyYF8tly7WcGKI8neQ&mount_point=sheet_image&policy=equal&width=1280;https://internal-api-drive-stream.feishu.cn/space/api/box/stream/download/v2/cover/T3Uib4JpSoe3S7x1ZJbc97IenNL/?height=1280&mount_node_token=OTUosGERbhyYF8tly7WcGKI8neQ&mount_point=sheet_image&policy=equal&width=1280;https://internal-api-drive-stream.feishu.cn/space/api/box/stream/download/v2/cover/UpF4by1wQofhK8x7apfcP3wInog/?height=1280&mount_node_token=OTUosGERbhyYF8tly7WcGKI8neQ&mount_point=sheet_image&policy=equal&width=1280;https://internal-api-drive-stream.feishu.cn/space/api/box/stream/download/v2/cover/Gm1vb0w54oP28axntlDcZEVYnmf/?height=1280&mount_node_token=OTUosGERbhyYF8tly7WcGKI8neQ&mount_point=sheet_image&policy=equal&width=1280;https://internal-api-drive-stream.feishu.cn/space/api/box/stream/download/v2/cover/KOyTbax08oz75vxaY8bcaTcjn3L/?height=1280&mount_node_token=OTUosGERbhyYF8tly7WcGKI8neQ&mount_point=sheet_image&policy=equal&width=1280;https://internal-api-drive-stream.feishu.cn/space/api/box/stream/download/v2/cover/BB2mbeROSoACKkxAX1bc0asEnMe/?height=1280&mount_node_token=OTUosGERbhyYF8tly7WcGKI8neQ&mount_point=sheet_image&policy=equal&width=1280;https://internal-api-drive-stream.feishu.cn/space/api/box/stream/download/v2/cover/HVGNbguElorCyjxvHdPcbgCtn1b/?height=1280&mount_node_token=OTUosGERbhyYF8tly7WcGKI8neQ&mount_point=sheet_image&policy=equal&width=1280"
26,"截图背景拼图","截图背景拼图-人物组合","居家",6,"https://internal-api-drive-stream.feishu.cn/space/api/box/stream/download/v2/cover/AlYnb20lIo3bOnxXzrLcoox4nYg/?height=1280&mount_node_token=OTUosGERbhyYF8tly7WcGKI8neQ&mount_point=sheet_image&policy=equal&width=1280;https://internal-api-drive-stream.feishu.cn/space/api/box/stream/download/v2/cover/Tl5hbSIiQocU0vxqNV7cBCdCnzb/?height=1280&mount_node_token=OTUosGERbhyYF8tly7WcGKI8neQ&mount_point=sheet_image&policy=equal&width=1280;https://internal-api-drive-stream.feishu.cn/space/api/box/stream/download/v2/cover/FvjSbSKaToA07hxnyoWcXvzyngh/?height=1280&mount_node_token=OTUosGERbhyYF8tly7WcGKI8neQ&mount_point=sheet_image&policy=equal&width=1280;https://internal-api-drive-stream.feishu.cn/space/api/box/stream/download/v2/cover/MPxTbF80LodOhUxz5lJcvetvnTf/?height=1280&mount_node_token=OTUosGERbhyYF8tly7WcGKI8neQ&mount_point=sheet_image&policy=equal&width=1280;https://internal-api-drive-stream.feishu.cn/space/api/box/stream/download/v2/cover/NYlUbccdIooGIBxDAoeclEdCnRb/?height=1280&mount_node_token=OTUosGERbhyYF8tly7WcGKI8neQ&mount_point=sheet_image&policy=equal&width=1280;https://internal-api-drive-stream.feishu.cn/space/api/box/stream/download/v2/cover/FBmNbEGbwopXSHxZl9ZcgfvBnjd/?height=1280&mount_node_token=OTUosGERbhyYF8tly7WcGKI8neQ&mount_point=sheet_image&policy=equal&width=1280"
27,"截图背景拼图","截图背景拼图-购物好评","购物好评截图",2,"https://internal-api-drive-stream.feishu.cn/space/api/box/stream/download/v2/cover/ZTTWb7begoHFkCxpPNCcy0pSn3g/?height=1280&mount_node_token=OTUosGERbhyYF8tly7WcGKI8neQ&mount_point=sheet_image&policy=equal&width=1280;https://my.feishu.cn/space/api/box/stream/download/v2/cover/O5n9b5lblob6O9xREVRcptzknLg/?height=1280&mount_node_token=OTUosGERbhyYF8tly7WcGKI8neQ&mount_point=sheet_image&policy=equal&width=1280"
28,"截图背景拼图","截图背景拼图-论文图","科普论文截图",2,"https://internal-api-drive-stream.feishu.cn/space/api/box/stream/download/v2/cover/S6orbWb09o1PeBxI1lacnaKtnEI/?height=1280&mount_node_token=OTUosGERbhyYF8tly7WcGKI8neQ&mount_point=sheet_image&policy=equal&width=1280;https://internal-api-drive-stream.feishu.cn/space/api/box/stream/download/v2/cover/E5PGbHX1QoyudyxX0EPcSb5inQd/?height=1280&mount_node_token=OTUosGERbhyYF8tly7WcGKI8neQ&mount_point=sheet_image&policy=equal&width=1280"
29,"多静物产品组合拼图","多静物产品组合拼图-多品拼图","居家",6,"https://internal-api-drive-stream.feishu.cn/space/api/box/stream/download/v2/cover/XcHCbTPSRohuZKxBMfdcqpwKn2d/?height=1280&mount_node_token=OTUosGERbhyYF8tly7WcGKI8neQ&mount_point=sheet_image&policy=equal&width=1280;https://internal-api-drive-stream.feishu.cn/space/api/box/stream/download/v2/cover/PtGnbBgReoB0mXxlopVcJgsTnOg/?height=1280&mount_node_token=OTUosGERbhyYF8tly7WcGKI8neQ&mount_point=sheet_image&policy=equal&width=1280;https://internal-api-drive-stream.feishu.cn/space/api/box/stream/download/v2/cover/MBhib7lOGoK5BvxsFmmcL1POn0c/?height=1280&mount_node_token=OTUosGERbhyYF8tly7WcGKI8neQ&mount_point=sheet_image&policy=equal&width=1280;https://internal-api-drive-stream.feishu.cn/space/api/box/stream/download/v2/cover/Va89bUcnRoTcc2x7syLc6RTTnMe/?height=1280&mount_node_token=OTUosGERbhyYF8tly7WcGKI8neQ&mount_point=sheet_image&policy=equal&width=1280;https://internal-api-drive-stream.feishu.cn/space/api/box/stream/download/v2/cover/Fkr3bJw27oeTuBx35wFckueJnaf/?height=1280&mount_node_token=OTUosGERbhyYF8tly7WcGKI8neQ&mount_point=sheet_image&policy=equal&width=1280;https://internal-api-drive-stream.feishu.cn/space/api/box/stream/download/v2/cover/Cz0Xb7ynAooL6dxdnuYcTCXhnrc/?height=1280&mount_node_token=OTUosGERbhyYF8tly7WcGKI8neQ&mount_point=sheet_image&policy=equal&width=1280"
30,"多静物产品组合拼图","多静物产品组合拼图-多品与质地","居家",9,"https://internal-api-drive-stream.feishu.cn/space/api/box/stream/download/v2/cover/IbhUb5vQNolAB2xh7gkcKoF9njf/?height=1280&mount_node_token=OTUosGERbhyYF8tly7WcGKI8neQ&mount_point=sheet_image&policy=equal&width=1280;https://internal-api-drive-stream.feishu.cn/space/api/box/stream/download/v2/cover/XDEbbSu2joFKK7xcasAc2CyBnmf/?height=1280&mount_node_token=OTUosGERbhyYF8tly7WcGKI8neQ&mount_point=sheet_image&policy=equal&width=1280;https://internal-api-drive-stream.feishu.cn/space/api/box/stream/download/v2/cover/F9hUbzDvsopKiJxnKEjcw9DDnFd/?height=1280&mount_node_token=OTUosGERbhyYF8tly7WcGKI8neQ&mount_point=sheet_image&policy=equal&width=1280;https://internal-api-drive-stream.feishu.cn/space/api/box/stream/download/v2/cover/S74ObrozIo2pf3xosqZcwaZ3n2e/?height=1280&mount_node_token=OTUosGERbhyYF8tly7WcGKI8neQ&mount_point=sheet_image&policy=equal&width=1280;https://internal-api-drive-stream.feishu.cn/space/api/box/stream/download/v2/cover/BmsMbcuB3odLwSx6v9VcyAV2nMe/?height=1280&mount_node_token=OTUosGERbhyYF8tly7WcGKI8neQ&mount_point=sheet_image&policy=equal&width=1280;https://internal-api-drive-stream.feishu.cn/space/api/box/stream/download/v2/cover/Xvkib3isdoB5ntxNu5YcnJK1nVd/?height=1280&mount_node_token=OTUosGERbhyYF8tly7WcGKI8neQ&mount_point=sheet_image&policy=equal&width=1280;https://internal-api-drive-stream.feishu.cn/space/api/box/stream/download/v2/cover/ONK5bslhnojDSUxdrNTcpJGDnvf/?height=1280&mount_node_token=OTUosGERbhyYF8tly7WcGKI8neQ&mount_point=sheet_image&policy=equal&width=1280;https://internal-api-drive-stream.feishu.cn/space/api/box/stream/download/v2/cover/GEAqbIWoCoVBuWxwSfbc3WVinCe/?height=1280&mount_node_token=OTUosGERbhyYF8tly7WcGKI8neQ&mount_point=sheet_image&policy=equal&width=1280;https://internal-api-drive-stream.feishu.cn/space/api/box/stream/download/v2/cover/Fza6bhZ4golPBFxbOXIccYibnvh/?height=1280&mount_node_token=OTUosGERbhyYF8tly7WcGKI8neQ&mount_point=sheet_image&policy=equal&width=1280"
31,"多静物产品组合拼图","多静物产品组合拼图-多品与配料表","居家",5,"https://internal-api-drive-stream.feishu.cn/space/api/box/stream/download/v2/cover/FivKbKV6how79dxIQgzc1Sw0noP/?height=1280&mount_node_token=OTUosGERbhyYF8tly7WcGKI8neQ&mount_point=sheet_image&policy=equal&width=1280;https://internal-api-drive-stream.feishu.cn/space/api/box/stream/download/v2/cover/IxeibmNHnowvBHx170HcAwCrnne/?height=1280&mount_node_token=OTUosGERbhyYF8tly7WcGKI8neQ&mount_point=sheet_image&policy=equal&width=1280;https://internal-api-drive-stream.feishu.cn/space/api/box/stream/download/v2/cover/GQB7bt9GLoBholxZVTKc9WnJnkU/?height=1280&mount_node_token=OTUosGERbhyYF8tly7WcGKI8neQ&mount_point=sheet_image&policy=equal&width=1280;https://internal-api-drive-stream.feishu.cn/space/api/box/stream/download/v2/cover/QOpTbGh73oq7h0xNiIsckYtAnIe/?height=1280&mount_node_token=OTUosGERbhyYF8tly7WcGKI8neQ&mount_point=sheet_image&policy=equal&width=1280;https://internal-api-drive-stream.feishu.cn/space/api/box/stream/download/v2/cover/Hui1b3LLpoZY4ox8V3DcXEE9neh/?height=1280&mount_node_token=OTUosGERbhyYF8tly7WcGKI8neQ&mount_point=sheet_image&policy=equal&width=1280"
32,"高密度信息图","高密度信息图-测评图","/",5,"https://internal-api-drive-stream.feishu.cn/space/api/box/stream/download/v2/cover/AzCBbownFo8MezxBdVZcefHAnvg/?height=1280&mount_node_token=OTUosGERbhyYF8tly7WcGKI8neQ&mount_point=sheet_image&policy=equal&width=1280;https://internal-api-drive-stream.feishu.cn/space/api/box/stream/download/v2/cover/Z3nWbIRXuoOfKnx3hLEcnDoknbe/?height=1280&mount_node_token=OTUosGERbhyYF8tly7WcGKI8neQ&mount_point=sheet_image&policy=equal&width=1280;https://internal-api-drive-stream.feishu.cn/space/api/box/stream/download/v2/cover/C0umbxsmcoITD8xQQDwcdtVKnZf/?height=1280&mount_node_token=OTUosGERbhyYF8tly7WcGKI8neQ&mount_point=sheet_image&policy=equal&width=1280;https://internal-api-drive-stream.feishu.cn/space/api/box/stream/download/v2/cover/STB2butL8olF4Exotm5cRnOQn7b/?height=1280&mount_node_token=OTUosGERbhyYF8tly7WcGKI8neQ&mount_point=sheet_image&policy=equal&width=1280;https://internal-api-drive-stream.feishu.cn/space/api/box/stream/download/v2/cover/TTf5boC8OohGrsx3RM5cMd7PnBd/?height=1280&mount_node_token=OTUosGERbhyYF8tly7WcGKI8neQ&mount_point=sheet_image&policy=equal&width=1280"
33,"高密度信息图","高密度信息图-科普图","/",5,"https://internal-api-drive-stream.feishu.cn/space/api/box/stream/download/v2/cover/Tr2Qb3x8ToOOI8xE9eBcELaXnWb/?height=1280&mount_node_token=OTUosGERbhyYF8tly7WcGKI8neQ&mount_point=sheet_image&policy=equal&width=1280;https://internal-api-drive-stream.feishu.cn/space/api/box/stream/download/v2/cover/S24lbXuCFoyGmcxw9o2cJJzSnth/?height=1280&mount_node_token=OTUosGERbhyYF8tly7WcGKI8neQ&mount_point=sheet_image&policy=equal&width=1280;https://internal-api-drive-stream.feishu.cn/space/api/box/stream/download/v2/cover/CAKMbwQMOoOIq2xLsHlcqUwun6c/?height=1280&mount_node_token=OTUosGERbhyYF8tly7WcGKI8neQ&mount_point=sheet_image&policy=equal&width=1280;https://internal-api-drive-stream.feishu.cn/space/api/box/stream/download/v2/cover/FCC3b8aPXoocUWxNGeCcMbbxnte/?height=1280&mount_node_token=OTUosGERbhyYF8tly7WcGKI8neQ&mount_point=sheet_image&policy=equal&width=1280;https://internal-api-drive-stream.feishu.cn/space/api/box/stream/download/v2/cover/SeAMboxoIoh8gyxZNjCcZCB1nCh/?height=1280&mount_node_token=OTUosGERbhyYF8tly7WcGKI8neQ&mount_point=sheet_image&policy=equal&width=1280"
34,"电商大促信息拼图","电商大促信息拼图","/",2,"https://internal-api-drive-stream.feishu.cn/space/api/box/stream/download/v2/cover/LgVbbc2ppoPdsdxKOrQc01A4nQd/?height=1280&mount_node_token=OTUosGERbhyYF8tly7WcGKI8neQ&mount_point=sheet_image&policy=equal&width=1280;https://internal-api-drive-stream.feishu.cn/space/api/box/stream/download/v2/cover/GbLxbLtPloaT3QxDOR4cohilnpd/?height=1280&mount_node_token=OTUosGERbhyYF8tly7WcGKI8neQ&mount_point=sheet_image&policy=equal&width=1280"
35,"截图组合图","截图组合图-购物好评截图","/",4,"https://internal-api-drive-stream.feishu.cn/space/api/box/stream/download/v2/cover/Mvz5b5FxQoVfeUxO3n3ck7X2n3e/?height=1280&mount_node_token=OTUosGERbhyYF8tly7WcGKI8neQ&mount_point=sheet_image&policy=equal&width=1280;https://internal-api-drive-stream.feishu.cn/space/api/box/stream/download/v2/cover/PaEobTS4Eo0Ajnx9oP4coPvonLg/?height=1280&mount_node_token=OTUosGERbhyYF8tly7WcGKI8neQ&mount_point=sheet_image&policy=equal&width=1280;https://internal-api-drive-stream.feishu.cn/space/api/box/stream/download/v2/cover/ZpVIbGY8boFzRSxy7vHcyLc3nth/?height=1280&mount_node_token=OTUosGERbhyYF8tly7WcGKI8neQ&mount_point=sheet_image&policy=equal&width=1280;https://internal-api-drive-stream.feishu.cn/space/api/box/stream/download/v2/cover/P2uqbodJnosQtlxapuPcJWZInGe/?height=1280&mount_node_token=OTUosGERbhyYF8tly7WcGKI8neQ&mount_point=sheet_image&policy=equal&width=1280"
36,"截图组合图","截图组合图-电商下单页面购物车截图","/",2,"https://internal-api-drive-stream.feishu.cn/space/api/box/stream/download/v2/cover/OUrPbA3MIo7alRxOmaAc3bZ1ngf/?height=1280&mount_node_token=OTUosGERbhyYF8tly7WcGKI8neQ&mount_point=sheet_image&policy=equal&width=1280;https://internal-api-drive-stream.feishu.cn/space/api/box/stream/download/v2/cover/HTJabOOueoAd04x0UhzcwVzsnTh/?height=1280&mount_node_token=OTUosGERbhyYF8tly7WcGKI8neQ&mount_point=sheet_image&policy=equal&width=1280"
